question,rag_answer,rag_refused,general_answer,general_refused
What is the official pet policy for employees who bring dogs into the county office under the Remote Work Policy?,I don't know based on the provided documents.,1,"Since I don’t have access to Chesterfield County’s official policy documents, I can’t provide the exact details of their pet policy for employees bringing dogs into the county office under the Remote Work Policy.

However, in general, many organizations that allow pets in the workplace (or under hybrid/remote work policies) typically have guidelines such as:
- **Approval requirements** (e.g., manager or HR approval).
- **Behavior expectations** (e.g., dogs must be well-behaved, leashed, and not disruptive).
- **Vaccination and health records** (e.g., proof of up-to-date vaccinations).
- **Allergy and safety considerations** (e.g., ensuring no coworkers have allergies or fears).
- **Designated pet-friendly areas** (if applicable).

For the most accurate answer, I recommend checking Chesterfield County’s official HR or policy documents or contacting their HR department directly.

Would you like general best practices for workplace pet policies instead?",0
Does the Chesterfield County Remote Work Policy allow employees to permanently work from a different country?,I don't know based on the provided documents.,1,"Since I don’t have access to Chesterfield County’s specific policy documents, I can’t provide a definitive answer. However, I can offer general insights based on common remote work policies in government and corporate settings:

1. **Typical Restrictions**: Many U.S. government and county policies restrict remote work to within the country (or even within the state) due to legal, tax, and security concerns. Permanent remote work from another country is often prohibited unless explicitly approved.

2. **Potential Issues**:
   - **Tax & Labor Laws**: Working from another country can create tax liabilities, employment law conflicts, and compliance challenges.
   - **Data Security**: Some policies prohibit accessing sensitive systems from foreign networks due to cybersecurity risks.
   - **Residency Requirements**: Government roles may require employees to maintain residency in the jurisdiction they serve.

3. **Possible Exceptions**: Some organizations allow temporary international remote work (e.g., short-term travel) but rarely permanent relocation without formal approval.

**Recommendation**: Check Chesterfield County’s official HR or policy documents, or consult their HR department directly for clarification. If you’re an employee, request written approval before assuming permanent international remote work is allowed.

Would you like guidance on how to request such an arrangement?",0
What is the minimum internet speed in megabits per second that the policy requires for remote workers?,"The policy requires a minimum internet speed of **25 megabits per second (Mbps) for download** and **3 Mbps for upload** for remote workers, as these are the current federal guidelines for broadband mentioned in the document.

(Source: Context [1])",0,"Since I don’t have access to Chesterfield County’s specific policy documents, I can’t provide the exact minimum internet speed required for remote workers in their guidelines.

However, in general, many organizations recommend a **minimum download speed of 10–25 Mbps** and an **upload speed of 3–5 Mbps** for remote work to ensure smooth video conferencing, file transfers, and cloud-based applications. Some roles (e.g., those involving large data transfers or high-definition video) may require higher speeds.

If you need the exact policy requirement, I recommend checking Chesterfield County’s official HR or IT guidelines or contacting their HR/IT department directly.

Would you like general best practices for remote work internet speeds instead?",0
"According to the policy, how many days per year are employees allowed to work remotely from outside the United States?",I don't know based on the provided documents.,1,"Since I don’t have access to Chesterfield County’s specific policy documents, I can’t provide an exact answer regarding the number of days employees are allowed to work remotely from outside the United States.

However, in general, many organizations have policies that either:
- **Prohibit remote work from outside the U.S.** due to legal, tax, or security concerns.
- **Allow limited remote work abroad** (e.g., up to 30 days per year) with prior approval.
- **Require special approval** for international remote work due to compliance risks.

If you need the exact policy, I recommend checking Chesterfield County’s HR or IT security guidelines or consulting with your supervisor or HR department.

Would you like general best practices for remote work policies instead?",0
What is the maximum number of children allowed in the home while an employee is working remotely?,I don't know based on the provided documents.,1,I don't know.,1
What is the yearly stipend amount in dollars that the policy provides for employees to buy office chairs for remote work?,I don't know based on the provided documents.,1,I don't know.,1
"Does the policy specify an approved list of brands for home office equipment (such as monitors or keyboards)? If so, list them.",I don't know based on the provided documents.,1,"Since I don’t have access to Chesterfield County’s specific policy documents, I can’t confirm whether they maintain an approved list of brands for home office equipment like monitors or keyboards.

However, many organizations do have such policies to ensure compatibility, security, and cost efficiency. Commonly approved brands for home office equipment might include well-known manufacturers like:

- **Monitors:** Dell, HP, Lenovo, LG, Samsung, ASUS
- **Keyboards:** Logitech, Microsoft, Dell, HP, Keychron (for mechanical options)

If Chesterfield County has a formal policy, it would likely be outlined in their IT or procurement guidelines. For an accurate answer, you’d need to consult their official HR or IT department.

Would you like general recommendations for secure or ergonomic home office equipment instead?",0
